{"_step":0,"_wandb":{"runtime":21},"avg_retrieval_time":0.41024036968455596,"_runtime":21.485794553,"hit@3":0.7058823529411765,"hit@5":0.7450980392156863,"hit@1":0.4117647058823529,"mrr":0.5647836912542795,"_timestamp":1.741731051876402e+09}