{"mrr":0.6365157173980702,"hit@1":0.5294117647058824,"_step":0,"_runtime":33.074749729,"hit@5":0.7647058823529411,"avg_retrieval_time":0.6386932158002666,"_wandb":{"runtime":33},"_timestamp":1.7417362617757816e+09,"hit@3":0.7450980392156863}