{
  "timestamp": "2025-09-28T03:22:56.060035",
  "total_runtime_seconds": 10.548408508300781,
  "sitemap_processing_time_seconds": 6.120288848876953,
  "database_update_time_seconds": 2.775290012359619,
  "total_urls_found": 1026,
  "new_urls": 0,
  "updated_urls": 0,
  "removed_urls": 0,
  "unchanged_urls": 1026,
  "errors": 0
}