{
  "timestamp": "2025-10-17T03:20:02.770279",
  "total_runtime_seconds": 10.773406982421875,
  "sitemap_processing_time_seconds": 7.306320428848267,
  "database_update_time_seconds": 2.071640968322754,
  "total_urls_found": 1031,
  "new_urls": 0,
  "updated_urls": 3,
  "removed_urls": 0,
  "unchanged_urls": 1028,
  "errors": 0
}