{
  "timestamp": "2025-04-17T03:20:49.814461",
  "total_runtime_seconds": 127.24444723129272,
  "sitemap_processing_time_seconds": 7.990228652954102,
  "database_update_time_seconds": 119.25369119644165,
  "total_urls_found": 1021,
  "new_urls": 0,
  "updated_urls": 2,
  "removed_urls": 8,
  "unchanged_urls": 1019,
  "errors": 0
}