{
  "timestamp": "2025-08-03T03:37:02.672641",
  "total_runtime_seconds": 11.398560523986816,
  "sitemap_processing_time_seconds": 6.904748201370239,
  "database_update_time_seconds": 2.694500207901001,
  "total_urls_found": 1011,
  "new_urls": 0,
  "updated_urls": 0,
  "removed_urls": 0,
  "unchanged_urls": 1011,
  "errors": 0
}