{
  "timestamp": "2025-05-26T03:26:48.670977",
  "total_runtime_seconds": 110.8780128955841,
  "sitemap_processing_time_seconds": 7.353201627731323,
  "database_update_time_seconds": 103.52419638633728,
  "total_urls_found": 1020,
  "new_urls": 0,
  "updated_urls": 0,
  "removed_urls": 14,
  "unchanged_urls": 1020,
  "errors": 0
}