{
  "timestamp": "2025-10-18T03:14:49.959859",
  "total_runtime_seconds": 6.1549601554870605,
  "sitemap_processing_time_seconds": 2.412642478942871,
  "database_update_time_seconds": 2.3148980140686035,
  "total_urls_found": 1031,
  "new_urls": 0,
  "updated_urls": 1,
  "removed_urls": 0,
  "unchanged_urls": 1030,
  "errors": 0
}