{
  "timestamp": "2025-10-14T03:20:23.730287",
  "total_runtime_seconds": 6.821287631988525,
  "sitemap_processing_time_seconds": 2.764371871948242,
  "database_update_time_seconds": 2.4949252605438232,
  "total_urls_found": 1032,
  "new_urls": 0,
  "updated_urls": 7,
  "removed_urls": 0,
  "unchanged_urls": 1025,
  "errors": 0
}