{
  "timestamp": "2025-09-09T03:19:42.403760",
  "total_runtime_seconds": 11.042498111724854,
  "sitemap_processing_time_seconds": 7.679331302642822,
  "database_update_time_seconds": 1.9590990543365479,
  "total_urls_found": 1027,
  "new_urls": 0,
  "updated_urls": 5,
  "removed_urls": 0,
  "unchanged_urls": 1022,
  "errors": 0
}