{
  "timestamp": "2025-05-22T03:24:34.161124",
  "total_runtime_seconds": 125.31444787979126,
  "sitemap_processing_time_seconds": 3.6074652671813965,
  "database_update_time_seconds": 121.70648121833801,
  "total_urls_found": 1019,
  "new_urls": 0,
  "updated_urls": 6,
  "removed_urls": 14,
  "unchanged_urls": 1013,
  "errors": 0
}