{
  "timestamp": "2025-08-15T03:31:41.662224",
  "total_runtime_seconds": 11.965132236480713,
  "sitemap_processing_time_seconds": 6.685558557510376,
  "database_update_time_seconds": 2.6881186962127686,
  "total_urls_found": 1015,
  "new_urls": 2,
  "updated_urls": 4,
  "removed_urls": 1,
  "unchanged_urls": 1009,
  "errors": 0
}