{
  "timestamp": "2025-05-05T03:24:27.000475",
  "total_runtime_seconds": 109.11421418190002,
  "sitemap_processing_time_seconds": 3.537874698638916,
  "database_update_time_seconds": 105.57564282417297,
  "total_urls_found": 1019,
  "new_urls": 0,
  "updated_urls": 0,
  "removed_urls": 13,
  "unchanged_urls": 1019,
  "errors": 0
}