{
  "timestamp": "2025-09-05T03:17:22.496781",
  "total_runtime_seconds": 10.835603475570679,
  "sitemap_processing_time_seconds": 6.603717565536499,
  "database_update_time_seconds": 1.9837169647216797,
  "total_urls_found": 1028,
  "new_urls": 2,
  "updated_urls": 3,
  "removed_urls": 1,
  "unchanged_urls": 1023,
  "errors": 0
}