{
  "timestamp": "2025-05-11T03:24:58.758578",
  "total_runtime_seconds": 102.81538414955139,
  "sitemap_processing_time_seconds": 5.619906902313232,
  "database_update_time_seconds": 97.19472908973694,
  "total_urls_found": 1019,
  "new_urls": 0,
  "updated_urls": 0,
  "removed_urls": 13,
  "unchanged_urls": 1019,
  "errors": 0
}