{
  "timestamp": "2025-05-13T03:25:11.772908",
  "total_runtime_seconds": 139.59945225715637,
  "sitemap_processing_time_seconds": 7.687878370285034,
  "database_update_time_seconds": 131.91089296340942,
  "total_urls_found": 1019,
  "new_urls": 0,
  "updated_urls": 3,
  "removed_urls": 13,
  "unchanged_urls": 1016,
  "errors": 0
}