{"hit@5":0.6862745098039216,"_runtime":6.293252079,"mrr":0.4475490196078431,"_step":0,"_timestamp":1.741731223754418e+09,"_wandb":{"runtime":6},"avg_retrieval_time":0.1131449540456136,"hit@1":0.2549019607843137,"hit@3":0.6274509803921569}