{
  "timestamp": "2025-08-22T03:22:53.981736",
  "total_runtime_seconds": 12.017328262329102,
  "sitemap_processing_time_seconds": 8.331589698791504,
  "database_update_time_seconds": 2.1910946369171143,
  "total_urls_found": 1017,
  "new_urls": 0,
  "updated_urls": 1,
  "removed_urls": 0,
  "unchanged_urls": 1016,
  "errors": 0
}