{
  "timestamp": "2025-04-25T03:22:39.941526",
  "total_runtime_seconds": 177.18286514282227,
  "sitemap_processing_time_seconds": 4.21613073348999,
  "database_update_time_seconds": 172.96614837646484,
  "total_urls_found": 1022,
  "new_urls": 0,
  "updated_urls": 2,
  "removed_urls": 10,
  "unchanged_urls": 1020,
  "errors": 0
}