{
  "timestamp": "2025-09-23T03:17:15.288767",
  "total_runtime_seconds": 8.432480812072754,
  "sitemap_processing_time_seconds": 3.825155735015869,
  "database_update_time_seconds": 2.8195998668670654,
  "total_urls_found": 1026,
  "new_urls": 0,
  "updated_urls": 2,
  "removed_urls": 0,
  "unchanged_urls": 1024,
  "errors": 0
}