{
  "timestamp": "2025-05-25T03:30:39.977376",
  "total_runtime_seconds": 187.07156205177307,
  "sitemap_processing_time_seconds": 13.66528844833374,
  "database_update_time_seconds": 173.40565013885498,
  "total_urls_found": 1020,
  "new_urls": 0,
  "updated_urls": 0,
  "removed_urls": 14,
  "unchanged_urls": 1020,
  "errors": 0
}