{
  "timestamp": "2025-08-05T03:34:37.927298",
  "total_runtime_seconds": 12.487451076507568,
  "sitemap_processing_time_seconds": 8.346393346786499,
  "database_update_time_seconds": 2.5152506828308105,
  "total_urls_found": 1011,
  "new_urls": 0,
  "updated_urls": 1,
  "removed_urls": 0,
  "unchanged_urls": 1010,
  "errors": 0
}