{
  "timestamp": "2025-10-07T03:17:09.568584",
  "total_runtime_seconds": 12.155530214309692,
  "sitemap_processing_time_seconds": 7.495054483413696,
  "database_update_time_seconds": 2.853865385055542,
  "total_urls_found": 1029,
  "new_urls": 2,
  "updated_urls": 4,
  "removed_urls": 0,
  "unchanged_urls": 1023,
  "errors": 0
}