{
  "timestamp": "2025-09-14T03:19:37.215225",
  "total_runtime_seconds": 10.193971395492554,
  "sitemap_processing_time_seconds": 6.902811050415039,
  "database_update_time_seconds": 2.0181050300598145,
  "total_urls_found": 1027,
  "new_urls": 0,
  "updated_urls": 0,
  "removed_urls": 0,
  "unchanged_urls": 1027,
  "errors": 0
}