{
  "timestamp": "2025-07-26T03:31:24.092983",
  "total_runtime_seconds": 7.50869083404541,
  "sitemap_processing_time_seconds": 3.634289026260376,
  "database_update_time_seconds": 2.3212649822235107,
  "total_urls_found": 1009,
  "new_urls": 0,
  "updated_urls": 0,
  "removed_urls": 0,
  "unchanged_urls": 1009,
  "errors": 0
}