{
  "timestamp": "2025-06-14T03:26:06.926200",
  "total_runtime_seconds": 184.6710193157196,
  "sitemap_processing_time_seconds": 3.409999370574951,
  "database_update_time_seconds": 181.26043391227722,
  "total_urls_found": 1021,
  "new_urls": 0,
  "updated_urls": 1,
  "removed_urls": 19,
  "unchanged_urls": 1020,
  "errors": 0
}