{"hit@1":0.4117647058823529,"_step":0,"mrr":0.5615157173980703,"_wandb":{"runtime":30},"hit@5":0.7450980392156863,"avg_retrieval_time":0.5818347042682124,"_timestamp":1.7417310944770834e+09,"_runtime":30.169619468,"hit@3":0.7058823529411765}