{
  "timestamp": "2025-08-24T03:29:29.119614",
  "total_runtime_seconds": 13.579323768615723,
  "sitemap_processing_time_seconds": 8.388938665390015,
  "database_update_time_seconds": 3.3109967708587646,
  "total_urls_found": 1017,
  "new_urls": 0,
  "updated_urls": 0,
  "removed_urls": 0,
  "unchanged_urls": 1017,
  "errors": 0
}