{
  "timestamp": "2025-06-06T03:28:29.171421",
  "total_runtime_seconds": 177.2503833770752,
  "sitemap_processing_time_seconds": 3.3380818367004395,
  "database_update_time_seconds": 173.91161346435547,
  "total_urls_found": 1018,
  "new_urls": 0,
  "updated_urls": 4,
  "removed_urls": 18,
  "unchanged_urls": 1014,
  "errors": 0
}