{
  "timestamp": "2025-08-25T03:27:04.583785",
  "total_runtime_seconds": 10.389342546463013,
  "sitemap_processing_time_seconds": 6.6224892139434814,
  "database_update_time_seconds": 2.3526387214660645,
  "total_urls_found": 1017,
  "new_urls": 0,
  "updated_urls": 0,
  "removed_urls": 0,
  "unchanged_urls": 1017,
  "errors": 0
}