{
  "timestamp": "2025-08-21T03:23:00.942485",
  "total_runtime_seconds": 10.045143127441406,
  "sitemap_processing_time_seconds": 5.114095211029053,
  "database_update_time_seconds": 3.078446388244629,
  "total_urls_found": 1017,
  "new_urls": 0,
  "updated_urls": 2,
  "removed_urls": 0,
  "unchanged_urls": 1015,
  "errors": 0
}