{
  "timestamp": "2025-09-27T03:14:27.712586",
  "total_runtime_seconds": 10.810056209564209,
  "sitemap_processing_time_seconds": 7.363869905471802,
  "database_update_time_seconds": 2.0682497024536133,
  "total_urls_found": 1026,
  "new_urls": 0,
  "updated_urls": 4,
  "removed_urls": 0,
  "unchanged_urls": 1022,
  "errors": 0
}