{
  "timestamp": "2025-09-15T03:55:23.408076",
  "total_runtime_seconds": 10.20323133468628,
  "sitemap_processing_time_seconds": 4.422416687011719,
  "database_update_time_seconds": 2.4110794067382812,
  "total_urls_found": 1027,
  "new_urls": 0,
  "updated_urls": 0,
  "removed_urls": 0,
  "unchanged_urls": 1027,
  "errors": 0
}