{
  "timestamp": "2025-05-30T03:24:20.980041",
  "total_runtime_seconds": 106.09368443489075,
  "sitemap_processing_time_seconds": 8.005228042602539,
  "database_update_time_seconds": 98.08797550201416,
  "total_urls_found": 1018,
  "new_urls": 0,
  "updated_urls": 0,
  "removed_urls": 18,
  "unchanged_urls": 1018,
  "errors": 0
}