{
  "timestamp": "2025-05-08T03:24:40.195596",
  "total_runtime_seconds": 142.31106877326965,
  "sitemap_processing_time_seconds": 8.484931468963623,
  "database_update_time_seconds": 133.82558727264404,
  "total_urls_found": 1019,
  "new_urls": 0,
  "updated_urls": 0,
  "removed_urls": 13,
  "unchanged_urls": 1019,
  "errors": 0
}