{
  "timestamp": "2025-09-04T03:14:42.996382",
  "total_runtime_seconds": 7.880125999450684,
  "sitemap_processing_time_seconds": 3.79447603225708,
  "database_update_time_seconds": 1.9792370796203613,
  "total_urls_found": 1027,
  "new_urls": 1,
  "updated_urls": 5,
  "removed_urls": 1,
  "unchanged_urls": 1021,
  "errors": 0
}