{
  "timestamp": "2025-07-27T03:34:41.841477",
  "total_runtime_seconds": 12.584228038787842,
  "sitemap_processing_time_seconds": 8.752156019210815,
  "database_update_time_seconds": 2.3908801078796387,
  "total_urls_found": 1009,
  "new_urls": 0,
  "updated_urls": 0,
  "removed_urls": 0,
  "unchanged_urls": 1009,
  "errors": 0
}