{
  "timestamp": "2025-08-20T03:23:13.093239",
  "total_runtime_seconds": 8.688458442687988,
  "sitemap_processing_time_seconds": 3.376866579055786,
  "database_update_time_seconds": 3.40266489982605,
  "total_urls_found": 1017,
  "new_urls": 0,
  "updated_urls": 1,
  "removed_urls": 0,
  "unchanged_urls": 1016,
  "errors": 0
}