{
  "timestamp": "2025-05-09T03:24:09.121160",
  "total_runtime_seconds": 140.33063769340515,
  "sitemap_processing_time_seconds": 8.64204478263855,
  "database_update_time_seconds": 131.6880223751068,
  "total_urls_found": 1019,
  "new_urls": 0,
  "updated_urls": 0,
  "removed_urls": 13,
  "unchanged_urls": 1019,
  "errors": 0
}