{
  "timestamp": "2025-10-15T03:21:21.247795",
  "total_runtime_seconds": 5.874790191650391,
  "sitemap_processing_time_seconds": 2.584284782409668,
  "database_update_time_seconds": 2.014019727706909,
  "total_urls_found": 1032,
  "new_urls": 0,
  "updated_urls": 3,
  "removed_urls": 0,
  "unchanged_urls": 1029,
  "errors": 0
}