{
  "timestamp": "2025-08-06T03:33:55.951592",
  "total_runtime_seconds": 11.63555121421814,
  "sitemap_processing_time_seconds": 6.251728296279907,
  "database_update_time_seconds": 3.4321939945220947,
  "total_urls_found": 1012,
  "new_urls": 1,
  "updated_urls": 1,
  "removed_urls": 0,
  "unchanged_urls": 1010,
  "errors": 0
}