{
  "timestamp": "2025-08-11T03:35:47.724182",
  "total_runtime_seconds": 7.643143177032471,
  "sitemap_processing_time_seconds": 3.627140522003174,
  "database_update_time_seconds": 2.521420955657959,
  "total_urls_found": 1013,
  "new_urls": 0,
  "updated_urls": 0,
  "removed_urls": 0,
  "unchanged_urls": 1013,
  "errors": 0
}