{
  "timestamp": "2025-04-21T03:23:40.998662",
  "total_runtime_seconds": 134.04531979560852,
  "sitemap_processing_time_seconds": 2.8112456798553467,
  "database_update_time_seconds": 131.23342633247375,
  "total_urls_found": 1022,
  "new_urls": 0,
  "updated_urls": 0,
  "removed_urls": 10,
  "unchanged_urls": 1022,
  "errors": 0
}