{
  "timestamp": "2025-08-28T03:20:18.679597",
  "total_runtime_seconds": 8.9122793674469,
  "sitemap_processing_time_seconds": 5.552809715270996,
  "database_update_time_seconds": 2.0228986740112305,
  "total_urls_found": 1017,
  "new_urls": 0,
  "updated_urls": 1,
  "removed_urls": 0,
  "unchanged_urls": 1016,
  "errors": 0
}