{
  "timestamp": "2025-08-07T03:34:24.610757",
  "total_runtime_seconds": 11.023853540420532,
  "sitemap_processing_time_seconds": 3.54272723197937,
  "database_update_time_seconds": 4.894491672515869,
  "total_urls_found": 1012,
  "new_urls": 0,
  "updated_urls": 0,
  "removed_urls": 0,
  "unchanged_urls": 1012,
  "errors": 0
}