{
  "timestamp": "2025-07-25T03:32:28.154505",
  "total_runtime_seconds": 11.500922441482544,
  "sitemap_processing_time_seconds": 6.700604677200317,
  "database_update_time_seconds": 3.0047876834869385,
  "total_urls_found": 1009,
  "new_urls": 0,
  "updated_urls": 2,
  "removed_urls": 0,
  "unchanged_urls": 1007,
  "errors": 0
}