{
  "timestamp": "2025-05-14T03:23:19.930011",
  "total_runtime_seconds": 105.99900317192078,
  "sitemap_processing_time_seconds": 4.014957904815674,
  "database_update_time_seconds": 101.9834361076355,
  "total_urls_found": 1020,
  "new_urls": 1,
  "updated_urls": 4,
  "removed_urls": 13,
  "unchanged_urls": 1015,
  "errors": 0
}