{"hit@1":0.47058823529411764,"hit@3":0.7254901960784313,"hit@5":0.7843137254901961,"avg_retrieval_time":0.6880286955365947,"_runtime":35.580425387,"_timestamp":1.7417361979123337e+09,"_step":0,"_wandb":{"runtime":35},"mrr":0.5954248366013072}