{
  "timestamp": "2025-04-06T03:19:52.220541",
  "total_runtime_seconds": 103.54985356330872,
  "sitemap_processing_time_seconds": 5.576235294342041,
  "database_update_time_seconds": 97.97294759750366,
  "total_urls_found": 1022,
  "new_urls": 0,
  "updated_urls": 0,
  "removed_urls": 3,
  "unchanged_urls": 1022,
  "errors": 0
}