{
  "timestamp": "2025-10-12T03:20:23.265740",
  "total_runtime_seconds": 9.901540040969849,
  "sitemap_processing_time_seconds": 5.9543235301971436,
  "database_update_time_seconds": 2.4128968715667725,
  "total_urls_found": 1032,
  "new_urls": 0,
  "updated_urls": 0,
  "removed_urls": 0,
  "unchanged_urls": 1032,
  "errors": 0
}