{
  "timestamp": "2025-09-19T03:18:51.381398",
  "total_runtime_seconds": 8.01766037940979,
  "sitemap_processing_time_seconds": 3.6468191146850586,
  "database_update_time_seconds": 2.036011219024658,
  "total_urls_found": 1026,
  "new_urls": 0,
  "updated_urls": 4,
  "removed_urls": 2,
  "unchanged_urls": 1022,
  "errors": 0
}