{
  "timestamp": "2025-09-08T03:22:35.468467",
  "total_runtime_seconds": 11.801125049591064,
  "sitemap_processing_time_seconds": 7.458787679672241,
  "database_update_time_seconds": 2.0754754543304443,
  "total_urls_found": 1027,
  "new_urls": 0,
  "updated_urls": 0,
  "removed_urls": 1,
  "unchanged_urls": 1027,
  "errors": 0
}