{
  "timestamp": "2025-10-19T03:26:48.408776",
  "total_runtime_seconds": 14.087121725082397,
  "sitemap_processing_time_seconds": 9.945518016815186,
  "database_update_time_seconds": 2.541525363922119,
  "total_urls_found": 1031,
  "new_urls": 0,
  "updated_urls": 0,
  "removed_urls": 0,
  "unchanged_urls": 1031,
  "errors": 0
}