{
  "timestamp": "2025-10-24T03:19:24.079047",
  "total_runtime_seconds": 5.977267503738403,
  "sitemap_processing_time_seconds": 2.18381667137146,
  "database_update_time_seconds": 2.332127332687378,
  "total_urls_found": 1032,
  "new_urls": 1,
  "updated_urls": 7,
  "removed_urls": 0,
  "unchanged_urls": 1024,
  "errors": 0
}