{
  "timestamp": "2025-10-22T03:25:20.280187",
  "total_runtime_seconds": 8.553543090820312,
  "sitemap_processing_time_seconds": 3.430030107498169,
  "database_update_time_seconds": 3.2733521461486816,
  "total_urls_found": 1031,
  "new_urls": 0,
  "updated_urls": 3,
  "removed_urls": 0,
  "unchanged_urls": 1028,
  "errors": 0
}