{
  "timestamp": "2025-08-29T03:20:26.900706",
  "total_runtime_seconds": 13.747857570648193,
  "sitemap_processing_time_seconds": 8.206006050109863,
  "database_update_time_seconds": 2.5702898502349854,
  "total_urls_found": 1016,
  "new_urls": 0,
  "updated_urls": 2,
  "removed_urls": 1,
  "unchanged_urls": 1014,
  "errors": 0
}