{
  "timestamp": "2025-04-22T03:21:44.377376",
  "total_runtime_seconds": 164.62512946128845,
  "sitemap_processing_time_seconds": 7.805991888046265,
  "database_update_time_seconds": 156.81859517097473,
  "total_urls_found": 1022,
  "new_urls": 0,
  "updated_urls": 0,
  "removed_urls": 10,
  "unchanged_urls": 1022,
  "errors": 0
}