{
  "timestamp": "2025-08-16T03:26:18.528256",
  "total_runtime_seconds": 7.963727712631226,
  "sitemap_processing_time_seconds": 3.6080775260925293,
  "database_update_time_seconds": 2.013267993927002,
  "total_urls_found": 1014,
  "new_urls": 0,
  "updated_urls": 0,
  "removed_urls": 1,
  "unchanged_urls": 1014,
  "errors": 0
}