{
  "timestamp": "2025-09-06T03:14:23.414763",
  "total_runtime_seconds": 10.919096231460571,
  "sitemap_processing_time_seconds": 5.594807147979736,
  "database_update_time_seconds": 3.434499740600586,
  "total_urls_found": 1028,
  "new_urls": 0,
  "updated_urls": 1,
  "removed_urls": 0,
  "unchanged_urls": 1027,
  "errors": 0
}