{
  "timestamp": "2025-05-29T03:26:30.582755",
  "total_runtime_seconds": 136.38228607177734,
  "sitemap_processing_time_seconds": 2.9246416091918945,
  "database_update_time_seconds": 133.45699381828308,
  "total_urls_found": 1018,
  "new_urls": 0,
  "updated_urls": 4,
  "removed_urls": 18,
  "unchanged_urls": 1014,
  "errors": 0
}