{
  "timestamp": "2025-07-31T03:33:40.558147",
  "total_runtime_seconds": 14.14009165763855,
  "sitemap_processing_time_seconds": 8.759432077407837,
  "database_update_time_seconds": 3.4169163703918457,
  "total_urls_found": 1010,
  "new_urls": 0,
  "updated_urls": 0,
  "removed_urls": 0,
  "unchanged_urls": 1010,
  "errors": 0
}