{
  "timestamp": "2025-04-28T03:25:00.283845",
  "total_runtime_seconds": 180.49373984336853,
  "sitemap_processing_time_seconds": 8.96437406539917,
  "database_update_time_seconds": 171.52866458892822,
  "total_urls_found": 1020,
  "new_urls": 0,
  "updated_urls": 0,
  "removed_urls": 12,
  "unchanged_urls": 1020,
  "errors": 0
}