{
  "timestamp": "2025-10-20T03:28:00.782052",
  "total_runtime_seconds": 7.651920795440674,
  "sitemap_processing_time_seconds": 3.195141553878784,
  "database_update_time_seconds": 2.785041332244873,
  "total_urls_found": 1031,
  "new_urls": 0,
  "updated_urls": 0,
  "removed_urls": 0,
  "unchanged_urls": 1031,
  "errors": 0
}