{
  "timestamp": "2025-10-02T03:16:42.709551",
  "total_runtime_seconds": 13.058843851089478,
  "sitemap_processing_time_seconds": 7.976040840148926,
  "database_update_time_seconds": 3.2263481616973877,
  "total_urls_found": 1026,
  "new_urls": 0,
  "updated_urls": 0,
  "removed_urls": 0,
  "unchanged_urls": 1026,
  "errors": 0
}