{
  "timestamp": "2025-04-07T03:22:17.956143",
  "total_runtime_seconds": 178.63687992095947,
  "sitemap_processing_time_seconds": 3.619149923324585,
  "database_update_time_seconds": 175.01701378822327,
  "total_urls_found": 1021,
  "new_urls": 0,
  "updated_urls": 0,
  "removed_urls": 4,
  "unchanged_urls": 1021,
  "errors": 0
}