{"_runtime":27.582278995,"_timestamp":1.7417312521746557e+09,"hit@1":0.39215686274509803,"hit@5":0.7450980392156863,"avg_retrieval_time":0.5306843869826373,"_step":0,"mrr":0.5523653906006847,"hit@3":0.7254901960784313,"_wandb":{"runtime":27}}