{
  "timestamp": "2025-06-09T03:31:12.805859",
  "total_runtime_seconds": 105.0662202835083,
  "sitemap_processing_time_seconds": 3.3396289348602295,
  "database_update_time_seconds": 101.72595047950745,
  "total_urls_found": 1018,
  "new_urls": 0,
  "updated_urls": 0,
  "removed_urls": 19,
  "unchanged_urls": 1018,
  "errors": 0
}