{
  "timestamp": "2025-04-04T03:17:39.487554",
  "total_runtime_seconds": 107.71809315681458,
  "sitemap_processing_time_seconds": 6.468113422393799,
  "database_update_time_seconds": 101.24931001663208,
  "total_urls_found": 1023,
  "new_urls": 0,
  "updated_urls": 0,
  "removed_urls": 2,
  "unchanged_urls": 1023,
  "errors": 0
}