{
  "timestamp": "2025-08-27T03:20:31.643624",
  "total_runtime_seconds": 6.822650671005249,
  "sitemap_processing_time_seconds": 3.1426732540130615,
  "database_update_time_seconds": 2.1497769355773926,
  "total_urls_found": 1017,
  "new_urls": 0,
  "updated_urls": 2,
  "removed_urls": 0,
  "unchanged_urls": 1015,
  "errors": 0
}