{
  "timestamp": "2025-08-01T03:39:19.211076",
  "total_runtime_seconds": 12.319767475128174,
  "sitemap_processing_time_seconds": 8.263270378112793,
  "database_update_time_seconds": 2.4648470878601074,
  "total_urls_found": 1010,
  "new_urls": 0,
  "updated_urls": 2,
  "removed_urls": 0,
  "unchanged_urls": 1008,
  "errors": 0
}