{
  "timestamp": "2025-09-10T03:14:58.947974",
  "total_runtime_seconds": 13.512189865112305,
  "sitemap_processing_time_seconds": 7.106931209564209,
  "database_update_time_seconds": 3.001812696456909,
  "total_urls_found": 1026,
  "new_urls": 1,
  "updated_urls": 5,
  "removed_urls": 2,
  "unchanged_urls": 1020,
  "errors": 0
}