{
  "timestamp": "2025-09-25T03:20:01.728268",
  "total_runtime_seconds": 11.89749002456665,
  "sitemap_processing_time_seconds": 8.347863674163818,
  "database_update_time_seconds": 2.1222496032714844,
  "total_urls_found": 1026,
  "new_urls": 0,
  "updated_urls": 2,
  "removed_urls": 0,
  "unchanged_urls": 1024,
  "errors": 0
}