{
  "timestamp": "2025-08-18T03:34:53.682020",
  "total_runtime_seconds": 11.783209323883057,
  "sitemap_processing_time_seconds": 7.6852850914001465,
  "database_update_time_seconds": 2.514585256576538,
  "total_urls_found": 1014,
  "new_urls": 0,
  "updated_urls": 0,
  "removed_urls": 0,
  "unchanged_urls": 1014,
  "errors": 0
}