{
  "timestamp": "2025-05-16T03:25:14.099599",
  "total_runtime_seconds": 129.93644618988037,
  "sitemap_processing_time_seconds": 7.02165150642395,
  "database_update_time_seconds": 122.91420555114746,
  "total_urls_found": 1019,
  "new_urls": 0,
  "updated_urls": 3,
  "removed_urls": 14,
  "unchanged_urls": 1016,
  "errors": 0
}