{
  "timestamp": "2025-05-06T03:22:25.628193",
  "total_runtime_seconds": 109.22425103187561,
  "sitemap_processing_time_seconds": 6.66032338142395,
  "database_update_time_seconds": 102.56333589553833,
  "total_urls_found": 1019,
  "new_urls": 0,
  "updated_urls": 6,
  "removed_urls": 13,
  "unchanged_urls": 1013,
  "errors": 0
}