{
  "timestamp": "2025-06-01T03:36:13.190653",
  "total_runtime_seconds": 176.81240272521973,
  "sitemap_processing_time_seconds": 9.581273317337036,
  "database_update_time_seconds": 167.23051595687866,
  "total_urls_found": 1018,
  "new_urls": 0,
  "updated_urls": 0,
  "removed_urls": 18,
  "unchanged_urls": 1018,
  "errors": 0
}