{
  "timestamp": "2025-08-14T03:30:46.628616",
  "total_runtime_seconds": 11.415239572525024,
  "sitemap_processing_time_seconds": 7.588227033615112,
  "database_update_time_seconds": 2.3546109199523926,
  "total_urls_found": 1014,
  "new_urls": 1,
  "updated_urls": 4,
  "removed_urls": 0,
  "unchanged_urls": 1009,
  "errors": 0
}