{
  "timestamp": "2025-05-04T03:28:04.564375",
  "total_runtime_seconds": 189.0853786468506,
  "sitemap_processing_time_seconds": 15.877340316772461,
  "database_update_time_seconds": 173.20742869377136,
  "total_urls_found": 1019,
  "new_urls": 0,
  "updated_urls": 1,
  "removed_urls": 13,
  "unchanged_urls": 1018,
  "errors": 0
}