{
  "timestamp": "2025-04-13T03:55:10.424241",
  "total_runtime_seconds": 126.4390389919281,
  "sitemap_processing_time_seconds": 8.583547353744507,
  "database_update_time_seconds": 117.85489320755005,
  "total_urls_found": 1021,
  "new_urls": 0,
  "updated_urls": 0,
  "removed_urls": 7,
  "unchanged_urls": 1021,
  "errors": 0
}