{"_wandb":{"runtime":59},"hit@1":0.49019607843137253,"hit@5":0.6274509803921569,"mrr":0.5462029256146903,"hit@3":0.5686274509803921,"avg_retrieval_time":1.16030860414692,"_timestamp":1.741731170112489e+09,"_step":0,"_runtime":59.733733831}