{"_wandb":{"runtime":36},"hit@1":0.45098039215686275,"hit@3":0.7254901960784313,"_runtime":36.599686546,"_timestamp":1.7417326665272613e+09,"mrr":0.5859477124183007,"avg_retrieval_time":0.7072143507938758,"_step":0,"hit@5":0.7647058823529411}