{
  "timestamp": "2025-09-11T03:18:37.661363",
  "total_runtime_seconds": 7.957271337509155,
  "sitemap_processing_time_seconds": 4.221360445022583,
  "database_update_time_seconds": 2.2854557037353516,
  "total_urls_found": 1026,
  "new_urls": 0,
  "updated_urls": 4,
  "removed_urls": 0,
  "unchanged_urls": 1022,
  "errors": 0
}