{
  "timestamp": "2025-04-27T03:21:31.262931",
  "total_runtime_seconds": 114.46996474266052,
  "sitemap_processing_time_seconds": 9.849188804626465,
  "database_update_time_seconds": 104.62024927139282,
  "total_urls_found": 1021,
  "new_urls": 0,
  "updated_urls": 0,
  "removed_urls": 11,
  "unchanged_urls": 1021,
  "errors": 0
}