{
  "timestamp": "2025-03-31T19:54:33.637454",
  "total_runtime_seconds": 36.723474979400635,
  "sitemap_processing_time_seconds": 2.6831490993499756,
  "database_update_time_seconds": 34.03866505622864,
  "total_urls_found": 1022,
  "new_urls": 0,
  "updated_urls": 9,
  "removed_urls": 1,
  "unchanged_urls": 1013,
  "errors": 0
}