{
  "timestamp": "2025-08-26T03:23:13.446241",
  "total_runtime_seconds": 6.618680953979492,
  "sitemap_processing_time_seconds": 3.099925994873047,
  "database_update_time_seconds": 2.0100326538085938,
  "total_urls_found": 1017,
  "new_urls": 0,
  "updated_urls": 0,
  "removed_urls": 0,
  "unchanged_urls": 1017,
  "errors": 0
}