{
  "timestamp": "2025-09-13T03:09:45.112985",
  "total_runtime_seconds": 7.003843545913696,
  "sitemap_processing_time_seconds": 2.7904422283172607,
  "database_update_time_seconds": 1.9676191806793213,
  "total_urls_found": 1027,
  "new_urls": 2,
  "updated_urls": 2,
  "removed_urls": 1,
  "unchanged_urls": 1023,
  "errors": 0
}