{
  "timestamp": "2025-04-29T03:22:22.923262",
  "total_runtime_seconds": 158.63950324058533,
  "sitemap_processing_time_seconds": 5.080233097076416,
  "database_update_time_seconds": 153.5587134361267,
  "total_urls_found": 1020,
  "new_urls": 0,
  "updated_urls": 4,
  "removed_urls": 12,
  "unchanged_urls": 1016,
  "errors": 0
}