{
  "timestamp": "2025-05-20T03:25:44.646204",
  "total_runtime_seconds": 175.61685419082642,
  "sitemap_processing_time_seconds": 3.8227648735046387,
  "database_update_time_seconds": 171.793475151062,
  "total_urls_found": 1019,
  "new_urls": 0,
  "updated_urls": 2,
  "removed_urls": 14,
  "unchanged_urls": 1017,
  "errors": 0
}