{
  "timestamp": "2025-07-24T03:32:19.280917",
  "total_runtime_seconds": 10.82294511795044,
  "sitemap_processing_time_seconds": 6.748534202575684,
  "database_update_time_seconds": 2.5009818077087402,
  "total_urls_found": 1009,
  "new_urls": 0,
  "updated_urls": 5,
  "removed_urls": 0,
  "unchanged_urls": 1004,
  "errors": 0
}