{
  "timestamp": "2025-08-12T03:28:45.727897",
  "total_runtime_seconds": 13.643519401550293,
  "sitemap_processing_time_seconds": 8.273372888565063,
  "database_update_time_seconds": 3.4113664627075195,
  "total_urls_found": 1013,
  "new_urls": 0,
  "updated_urls": 0,
  "removed_urls": 0,
  "unchanged_urls": 1013,
  "errors": 0
}