{
  "timestamp": "2025-07-22T03:31:47.284107",
  "total_runtime_seconds": 5.042705774307251,
  "sitemap_processing_time_seconds": 1.7829723358154297,
  "database_update_time_seconds": 1.9513189792633057,
  "total_urls_found": 1009,
  "new_urls": 0,
  "updated_urls": 0,
  "removed_urls": 0,
  "unchanged_urls": 1009,
  "errors": 0
}