{
  "timestamp": "2025-08-31T03:22:03.846427",
  "total_runtime_seconds": 16.953011751174927,
  "sitemap_processing_time_seconds": 9.99705171585083,
  "database_update_time_seconds": 3.3902313709259033,
  "total_urls_found": 1015,
  "new_urls": 0,
  "updated_urls": 0,
  "removed_urls": 1,
  "unchanged_urls": 1015,
  "errors": 0
}