{"_step":0,"hit@1":0.3333333333333333,"mrr":0.4584422657952069,"hit@5":0.6078431372549019,"avg_retrieval_time":0.08937941345514036,"hit@3":0.5882352941176471,"_timestamp":1.74173106345631e+09,"_wandb":{"runtime":5},"_runtime":5.024277947}