{
  "timestamp": "2025-09-07T03:20:14.553314",
  "total_runtime_seconds": 9.33885931968689,
  "sitemap_processing_time_seconds": 5.421488046646118,
  "database_update_time_seconds": 2.418203592300415,
  "total_urls_found": 1028,
  "new_urls": 0,
  "updated_urls": 1,
  "removed_urls": 0,
  "unchanged_urls": 1027,
  "errors": 0
}