{
  "timestamp": "2025-07-23T03:32:37.665959",
  "total_runtime_seconds": 5.885686874389648,
  "sitemap_processing_time_seconds": 2.5964338779449463,
  "database_update_time_seconds": 1.993330717086792,
  "total_urls_found": 1009,
  "new_urls": 0,
  "updated_urls": 1,
  "removed_urls": 0,
  "unchanged_urls": 1008,
  "errors": 0
}