{
  "timestamp": "2025-06-08T03:33:32.963550",
  "total_runtime_seconds": 159.96190428733826,
  "sitemap_processing_time_seconds": 11.367626190185547,
  "database_update_time_seconds": 148.59368705749512,
  "total_urls_found": 1018,
  "new_urls": 0,
  "updated_urls": 0,
  "removed_urls": 19,
  "unchanged_urls": 1018,
  "errors": 0
}