{
  "timestamp": "2025-10-10T03:19:41.672640",
  "total_runtime_seconds": 12.521368265151978,
  "sitemap_processing_time_seconds": 7.989848852157593,
  "database_update_time_seconds": 2.7776215076446533,
  "total_urls_found": 1032,
  "new_urls": 0,
  "updated_urls": 5,
  "removed_urls": 0,
  "unchanged_urls": 1027,
  "errors": 0
}