{
  "timestamp": "2025-05-12T03:26:08.586922",
  "total_runtime_seconds": 142.54170632362366,
  "sitemap_processing_time_seconds": 10.389949560165405,
  "database_update_time_seconds": 132.15110087394714,
  "total_urls_found": 1019,
  "new_urls": 0,
  "updated_urls": 0,
  "removed_urls": 13,
  "unchanged_urls": 1019,
  "errors": 0
}