{"hit@5":0.7647058823529411,"_step":0,"avg_retrieval_time":0.6179104833041921,"hit@1":0.47058823529411764,"hit@3":0.7058823529411765,"_wandb":{"runtime":32},"mrr":0.592156862745098,"_timestamp":1.7417361610100353e+09,"_runtime":32.004663343}