{
  "timestamp": "2025-07-20T22:40:51.783828",
  "total_runtime_seconds": 12.306720972061157,
  "sitemap_processing_time_seconds": 7.041826009750366,
  "database_update_time_seconds": 3.2817070484161377,
  "total_urls_found": 1009,
  "new_urls": 1009,
  "updated_urls": 0,
  "removed_urls": 1021,
  "unchanged_urls": 0,
  "errors": 1
}