{
  "timestamp": "2025-05-07T03:23:06.256545",
  "total_runtime_seconds": 105.66294527053833,
  "sitemap_processing_time_seconds": 3.800933361053467,
  "database_update_time_seconds": 101.86138653755188,
  "total_urls_found": 1019,
  "new_urls": 0,
  "updated_urls": 1,
  "removed_urls": 13,
  "unchanged_urls": 1018,
  "errors": 0
}