{
  "timestamp": "2025-04-19T03:15:57.158730",
  "total_runtime_seconds": 106.8804771900177,
  "sitemap_processing_time_seconds": 7.450582981109619,
  "database_update_time_seconds": 99.42929267883301,
  "total_urls_found": 1022,
  "new_urls": 0,
  "updated_urls": 0,
  "removed_urls": 10,
  "unchanged_urls": 1022,
  "errors": 0
}