{
  "timestamp": "2025-05-28T03:25:26.721258",
  "total_runtime_seconds": 127.15389347076416,
  "sitemap_processing_time_seconds": 7.0178608894348145,
  "database_update_time_seconds": 120.1354455947876,
  "total_urls_found": 1018,
  "new_urls": 1,
  "updated_urls": 3,
  "removed_urls": 18,
  "unchanged_urls": 1014,
  "errors": 0
}