{
  "timestamp": "2025-10-06T03:20:24.135703",
  "total_runtime_seconds": 12.910983085632324,
  "sitemap_processing_time_seconds": 9.10724139213562,
  "database_update_time_seconds": 2.319413900375366,
  "total_urls_found": 1027,
  "new_urls": 0,
  "updated_urls": 0,
  "removed_urls": 0,
  "unchanged_urls": 1027,
  "errors": 0
}