{
  "timestamp": "2025-08-10T03:34:23.423291",
  "total_runtime_seconds": 16.33582615852356,
  "sitemap_processing_time_seconds": 12.413679599761963,
  "database_update_time_seconds": 2.4255144596099854,
  "total_urls_found": 1013,
  "new_urls": 0,
  "updated_urls": 0,
  "removed_urls": 0,
  "unchanged_urls": 1013,
  "errors": 0
}