{
  "timestamp": "2025-08-10T20:18:59.165610",
  "total_runtime_seconds": 8.35687518119812,
  "sitemap_processing_time_seconds": 3.608227014541626,
  "database_update_time_seconds": 3.269434690475464,
  "total_urls_found": 1013,
  "new_urls": 0,
  "updated_urls": 0,
  "removed_urls": 0,
  "unchanged_urls": 1013,
  "errors": 0
}