{
  "timestamp": "2025-10-03T03:15:48.796548",
  "total_runtime_seconds": 15.232177257537842,
  "sitemap_processing_time_seconds": 8.322856426239014,
  "database_update_time_seconds": 3.3457326889038086,
  "total_urls_found": 1027,
  "new_urls": 2,
  "updated_urls": 7,
  "removed_urls": 1,
  "unchanged_urls": 1018,
  "errors": 0
}