{
  "timestamp": "2025-07-30T03:33:30.257296",
  "total_runtime_seconds": 11.03804087638855,
  "sitemap_processing_time_seconds": 6.692276239395142,
  "database_update_time_seconds": 2.6596250534057617,
  "total_urls_found": 1010,
  "new_urls": 0,
  "updated_urls": 0,
  "removed_urls": 0,
  "unchanged_urls": 1010,
  "errors": 0
}