{
  "timestamp": "2025-08-23T03:20:40.065403",
  "total_runtime_seconds": 9.750685453414917,
  "sitemap_processing_time_seconds": 4.930473566055298,
  "database_update_time_seconds": 2.937628984451294,
  "total_urls_found": 1017,
  "new_urls": 0,
  "updated_urls": 0,
  "removed_urls": 0,
  "unchanged_urls": 1017,
  "errors": 0
}