{
  "timestamp": "2025-09-22T03:23:23.149893",
  "total_runtime_seconds": 7.387202501296997,
  "sitemap_processing_time_seconds": 2.9633944034576416,
  "database_update_time_seconds": 2.743703603744507,
  "total_urls_found": 1026,
  "new_urls": 0,
  "updated_urls": 0,
  "removed_urls": 0,
  "unchanged_urls": 1026,
  "errors": 0
}