{
  "timestamp": "2025-10-09T03:18:59.705069",
  "total_runtime_seconds": 13.117520809173584,
  "sitemap_processing_time_seconds": 8.237796545028687,
  "database_update_time_seconds": 2.9624927043914795,
  "total_urls_found": 1032,
  "new_urls": 2,
  "updated_urls": 6,
  "removed_urls": 0,
  "unchanged_urls": 1024,
  "errors": 0
}