{
  "timestamp": "2025-09-03T03:14:10.119011",
  "total_runtime_seconds": 6.410688400268555,
  "sitemap_processing_time_seconds": 3.0046181678771973,
  "database_update_time_seconds": 2.0276262760162354,
  "total_urls_found": 1027,
  "new_urls": 0,
  "updated_urls": 4,
  "removed_urls": 0,
  "unchanged_urls": 1023,
  "errors": 0
}