{"_runtime":37.094403165,"hit@1":0.49019607843137253,"hit@3":0.6470588235294118,"avg_retrieval_time":0.7169537824742934,"_step":0,"_wandb":{"runtime":37},"mrr":0.5922346716464364,"_timestamp":1.7417312164593368e+09,"hit@5":0.7254901960784313}