{"hit@3":0.5882352941176471,"_wandb":{"runtime":14},"hit@1":0.37254901960784315,"avg_retrieval_time":0.267664395126642,"_step":0,"_timestamp":1.7417311095247834e+09,"_runtime":14.165724778,"mrr":0.48286647992530346,"hit@5":0.6274509803921569}