{
  "timestamp": "2025-04-08T03:18:22.533571",
  "total_runtime_seconds": 106.67134165763855,
  "sitemap_processing_time_seconds": 2.3105406761169434,
  "database_update_time_seconds": 104.36013078689575,
  "total_urls_found": 1022,
  "new_urls": 1,
  "updated_urls": 2,
  "removed_urls": 4,
  "unchanged_urls": 1019,
  "errors": 0
}