{
  "timestamp": "2025-04-05T03:17:09.564048",
  "total_runtime_seconds": 125.95496678352356,
  "sitemap_processing_time_seconds": 8.454950094223022,
  "database_update_time_seconds": 117.49941396713257,
  "total_urls_found": 1022,
  "new_urls": 0,
  "updated_urls": 1,
  "removed_urls": 3,
  "unchanged_urls": 1021,
  "errors": 0
}