{
  "timestamp": "2025-05-21T03:24:20.241726",
  "total_runtime_seconds": 120.98860216140747,
  "sitemap_processing_time_seconds": 2.371246099472046,
  "database_update_time_seconds": 118.616943359375,
  "total_urls_found": 1019,
  "new_urls": 0,
  "updated_urls": 1,
  "removed_urls": 14,
  "unchanged_urls": 1018,
  "errors": 0
}