{
  "timestamp": "2025-04-18T03:19:35.711808",
  "total_runtime_seconds": 123.96201181411743,
  "sitemap_processing_time_seconds": 2.6917247772216797,
  "database_update_time_seconds": 121.26970028877258,
  "total_urls_found": 1022,
  "new_urls": 3,
  "updated_urls": 1,
  "removed_urls": 10,
  "unchanged_urls": 1018,
  "errors": 0
}