{"mrr":0.4584422657952069,"hit@1":0.3333333333333333,"_wandb":{"runtime":4},"_timestamp":1.7417310575009315e+09,"hit@3":0.5882352941176471,"avg_retrieval_time":0.08450017723382688,"_runtime":4.798671578,"_step":0,"hit@5":0.6078431372549019}