{
  "timestamp": "2025-09-12T03:14:12.502543",
  "total_runtime_seconds": 7.833474636077881,
  "sitemap_processing_time_seconds": 3.621246576309204,
  "database_update_time_seconds": 2.536479949951172,
  "total_urls_found": 1026,
  "new_urls": 0,
  "updated_urls": 2,
  "removed_urls": 0,
  "unchanged_urls": 1024,
  "errors": 0
}