{
  "timestamp": "2025-10-11T03:13:58.075727",
  "total_runtime_seconds": 6.1168553829193115,
  "sitemap_processing_time_seconds": 2.4724433422088623,
  "database_update_time_seconds": 2.1881136894226074,
  "total_urls_found": 1032,
  "new_urls": 0,
  "updated_urls": 1,
  "removed_urls": 0,
  "unchanged_urls": 1031,
  "errors": 0
}