{"_timestamp":1.7417310295525243e+09,"_runtime":5.275819086,"mrr":0.4584422657952069,"hit@3":0.5882352941176471,"hit@1":0.3333333333333333,"hit@5":0.6078431372549019,"_wandb":{"runtime":5},"avg_retrieval_time":0.09443958600362141,"_step":0}