{
  "timestamp": "2025-08-09T03:28:35.438702",
  "total_runtime_seconds": 10.661799907684326,
  "sitemap_processing_time_seconds": 7.334404945373535,
  "database_update_time_seconds": 1.9952638149261475,
  "total_urls_found": 1013,
  "new_urls": 1,
  "updated_urls": 2,
  "removed_urls": 0,
  "unchanged_urls": 1010,
  "errors": 0
}