{"mrr":0.6345315904139432,"_wandb":{"runtime":30},"avg_retrieval_time":0.5878529829137465,"_timestamp":1.7417327068904543e+09,"hit@3":0.7450980392156863,"_runtime":30.548617689,"_step":0,"hit@1":0.5294117647058824,"hit@5":0.7647058823529411}