{
  "timestamp": "2025-10-04T03:12:29.982739",
  "total_runtime_seconds": 11.591281414031982,
  "sitemap_processing_time_seconds": 7.624400854110718,
  "database_update_time_seconds": 2.453561544418335,
  "total_urls_found": 1027,
  "new_urls": 0,
  "updated_urls": 2,
  "removed_urls": 0,
  "unchanged_urls": 1025,
  "errors": 0
}