{
  "timestamp": "2025-09-21T03:22:38.526923",
  "total_runtime_seconds": 13.406058549880981,
  "sitemap_processing_time_seconds": 10.060587167739868,
  "database_update_time_seconds": 2.023715019226074,
  "total_urls_found": 1026,
  "new_urls": 0,
  "updated_urls": 0,
  "removed_urls": 0,
  "unchanged_urls": 1026,
  "errors": 0
}