{
  "timestamp": "2025-06-10T03:29:41.442150",
  "total_runtime_seconds": 161.94114804267883,
  "sitemap_processing_time_seconds": 7.337920427322388,
  "database_update_time_seconds": 154.60273146629333,
  "total_urls_found": 1017,
  "new_urls": 0,
  "updated_urls": 0,
  "removed_urls": 20,
  "unchanged_urls": 1017,
  "errors": 0
}