{
  "timestamp": "2025-08-13T03:30:40.915128",
  "total_runtime_seconds": 11.847508907318115,
  "sitemap_processing_time_seconds": 7.78400182723999,
  "database_update_time_seconds": 2.4958412647247314,
  "total_urls_found": 1013,
  "new_urls": 0,
  "updated_urls": 0,
  "removed_urls": 0,
  "unchanged_urls": 1013,
  "errors": 0
}