{
  "timestamp": "2025-08-08T03:34:07.435197",
  "total_runtime_seconds": 7.410672903060913,
  "sitemap_processing_time_seconds": 3.4777350425720215,
  "database_update_time_seconds": 2.4175496101379395,
  "total_urls_found": 1012,
  "new_urls": 0,
  "updated_urls": 0,
  "removed_urls": 0,
  "unchanged_urls": 1012,
  "errors": 0
}