{
  "timestamp": "2025-09-01T03:31:26.458097",
  "total_runtime_seconds": 10.269531011581421,
  "sitemap_processing_time_seconds": 6.406358242034912,
  "database_update_time_seconds": 2.3734817504882812,
  "total_urls_found": 1015,
  "new_urls": 0,
  "updated_urls": 0,
  "removed_urls": 0,
  "unchanged_urls": 1015,
  "errors": 0
}