{
  "timestamp": "2025-04-15T03:21:27.103914",
  "total_runtime_seconds": 110.61425423622131,
  "sitemap_processing_time_seconds": 7.88731050491333,
  "database_update_time_seconds": 102.72637677192688,
  "total_urls_found": 1021,
  "new_urls": 0,
  "updated_urls": 6,
  "removed_urls": 7,
  "unchanged_urls": 1015,
  "errors": 0
}