{"avg_retrieval_time":0.5540506372264787,"hit@1":0.5294117647058824,"_runtime":28.716756833,"_step":0,"hit@3":0.7450980392156863,"_wandb":{"runtime":28},"_timestamp":1.7417362277823195e+09,"mrr":0.6365157173980702,"hit@5":0.7647058823529411}