{
  "timestamp": "2025-08-17T03:33:33.364097",
  "total_runtime_seconds": 14.50439977645874,
  "sitemap_processing_time_seconds": 10.66889762878418,
  "database_update_time_seconds": 2.348701000213623,
  "total_urls_found": 1014,
  "new_urls": 0,
  "updated_urls": 0,
  "removed_urls": 0,
  "unchanged_urls": 1014,
  "errors": 0
}