{
  "timestamp": "2025-04-24T03:23:00.674143",
  "total_runtime_seconds": 181.68931937217712,
  "sitemap_processing_time_seconds": 9.49226450920105,
  "database_update_time_seconds": 172.19641733169556,
  "total_urls_found": 1022,
  "new_urls": 0,
  "updated_urls": 3,
  "removed_urls": 10,
  "unchanged_urls": 1019,
  "errors": 0
}