{
  "timestamp": "2025-08-02T03:31:15.184559",
  "total_runtime_seconds": 6.992546796798706,
  "sitemap_processing_time_seconds": 3.4690463542938232,
  "database_update_time_seconds": 2.1175763607025146,
  "total_urls_found": 1011,
  "new_urls": 1,
  "updated_urls": 1,
  "removed_urls": 0,
  "unchanged_urls": 1009,
  "errors": 0
}