{"_step":0,"_wandb":{"runtime":27},"hit@3":0.7058823529411765,"avg_retrieval_time":0.5317668494056252,"_runtime":27.636823064,"_timestamp":1.7417312869688556e+09,"mrr":0.5715919701213819,"hit@5":0.7254901960784313,"hit@1":0.43137254901960786}