{
  "timestamp": "2025-06-05T03:26:50.825293",
  "total_runtime_seconds": 101.34909152984619,
  "sitemap_processing_time_seconds": 2.4778904914855957,
  "database_update_time_seconds": 98.87061786651611,
  "total_urls_found": 1018,
  "new_urls": 0,
  "updated_urls": 4,
  "removed_urls": 18,
  "unchanged_urls": 1014,
  "errors": 0
}