{
  "timestamp": "2025-04-30T03:21:15.842337",
  "total_runtime_seconds": 104.2880744934082,
  "sitemap_processing_time_seconds": 7.776381254196167,
  "database_update_time_seconds": 96.51121377944946,
  "total_urls_found": 1020,
  "new_urls": 0,
  "updated_urls": 5,
  "removed_urls": 12,
  "unchanged_urls": 1015,
  "errors": 0
}