{
  "timestamp": "2025-06-03T03:27:02.409989",
  "total_runtime_seconds": 124.2150502204895,
  "sitemap_processing_time_seconds": 2.5876853466033936,
  "database_update_time_seconds": 121.62669610977173,
  "total_urls_found": 1018,
  "new_urls": 0,
  "updated_urls": 1,
  "removed_urls": 18,
  "unchanged_urls": 1017,
  "errors": 0
}