{
  "timestamp": "2025-05-24T03:22:06.621922",
  "total_runtime_seconds": 109.4830551147461,
  "sitemap_processing_time_seconds": 4.054569244384766,
  "database_update_time_seconds": 105.42788743972778,
  "total_urls_found": 1020,
  "new_urls": 0,
  "updated_urls": 3,
  "removed_urls": 14,
  "unchanged_urls": 1017,
  "errors": 0
}