{
  "timestamp": "2025-09-30T03:18:15.320608",
  "total_runtime_seconds": 12.290884733200073,
  "sitemap_processing_time_seconds": 7.084803581237793,
  "database_update_time_seconds": 3.3062188625335693,
  "total_urls_found": 1026,
  "new_urls": 0,
  "updated_urls": 2,
  "removed_urls": 0,
  "unchanged_urls": 1024,
  "errors": 0
}