{
  "timestamp": "2025-04-20T03:21:41.194647",
  "total_runtime_seconds": 116.87631297111511,
  "sitemap_processing_time_seconds": 12.35626769065857,
  "database_update_time_seconds": 104.51946520805359,
  "total_urls_found": 1022,
  "new_urls": 0,
  "updated_urls": 1,
  "removed_urls": 10,
  "unchanged_urls": 1021,
  "errors": 0
}