{"mrr":0.5537581699346406,"avg_retrieval_time":0.14394405776379154,"_runtime":7.833925273,"_timestamp":1.741732675514117e+09,"hit@1":0.43137254901960786,"hit@5":0.7058823529411765,"_step":0,"hit@3":0.6666666666666666,"_wandb":{"runtime":7}}