{
  "timestamp": "2025-10-23T03:21:03.289374",
  "total_runtime_seconds": 6.914043188095093,
  "sitemap_processing_time_seconds": 3.5155818462371826,
  "database_update_time_seconds": 2.0275590419769287,
  "total_urls_found": 1031,
  "new_urls": 0,
  "updated_urls": 2,
  "removed_urls": 0,
  "unchanged_urls": 1029,
  "errors": 0
}