{"hit@1":0.5294117647058824,"avg_retrieval_time":0.5257729221792782,"_wandb":{"runtime":27},"hit@3":0.7450980392156863,"hit@5":0.7647058823529411,"_timestamp":1.741736342319289e+09,"mrr":0.6365157173980702,"_runtime":27.32156723,"_step":0}