{
  "timestamp": "2025-10-08T03:16:22.254820",
  "total_runtime_seconds": 11.109715461730957,
  "sitemap_processing_time_seconds": 7.694882154464722,
  "database_update_time_seconds": 2.0241050720214844,
  "total_urls_found": 1030,
  "new_urls": 1,
  "updated_urls": 14,
  "removed_urls": 0,
  "unchanged_urls": 1015,
  "errors": 0
}