{"mrr":0.4412231559290382,"hit@5":0.5882352941176471,"_timestamp":1.741731258537368e+09,"hit@3":0.5490196078431373,"_runtime":5.508982343,"_step":0,"hit@1":0.3137254901960784,"_wandb":{"runtime":5},"avg_retrieval_time":0.09574576452666637}