{
  "timestamp": "2025-05-03T03:21:01.019337",
  "total_runtime_seconds": 123.50802326202393,
  "sitemap_processing_time_seconds": 4.759516954421997,
  "database_update_time_seconds": 118.74776220321655,
  "total_urls_found": 1019,
  "new_urls": 0,
  "updated_urls": 0,
  "removed_urls": 13,
  "unchanged_urls": 1019,
  "errors": 0
}