{
  "timestamp": "2025-08-04T03:39:41.475466",
  "total_runtime_seconds": 10.297908544540405,
  "sitemap_processing_time_seconds": 6.482544898986816,
  "database_update_time_seconds": 2.3513998985290527,
  "total_urls_found": 1011,
  "new_urls": 0,
  "updated_urls": 0,
  "removed_urls": 0,
  "unchanged_urls": 1011,
  "errors": 0
}