{"_runtime":7.412194495,"_step":0,"_wandb":{"runtime":7},"hit@3":0.6078431372549019,"avg_retrieval_time":0.13488392268910127,"mrr":0.5052287581699346,"_timestamp":1.7417311785649602e+09,"hit@5":0.6862745098039216,"hit@1":0.39215686274509803}