{
  "timestamp": "2025-10-13T03:24:53.401937",
  "total_runtime_seconds": 11.521374940872192,
  "sitemap_processing_time_seconds": 7.133560419082642,
  "database_update_time_seconds": 2.697622537612915,
  "total_urls_found": 1032,
  "new_urls": 0,
  "updated_urls": 0,
  "removed_urls": 0,
  "unchanged_urls": 1032,
  "errors": 0
}