{
  "timestamp": "2025-04-03T19:38:58.209050",
  "total_runtime_seconds": 142.3089370727539,
  "sitemap_processing_time_seconds": 7.31076979637146,
  "database_update_time_seconds": 134.99757719039917,
  "total_urls_found": 1023,
  "new_urls": 1,
  "updated_urls": 5,
  "removed_urls": 2,
  "unchanged_urls": 1017,
  "errors": 0
}