{
  "timestamp": "2025-08-19T03:23:47.930111",
  "total_runtime_seconds": 10.869471311569214,
  "sitemap_processing_time_seconds": 7.477959156036377,
  "database_update_time_seconds": 2.025435209274292,
  "total_urls_found": 1017,
  "new_urls": 3,
  "updated_urls": 3,
  "removed_urls": 0,
  "unchanged_urls": 1011,
  "errors": 0
}