{
  "timestamp": "2025-07-28T03:34:00.313293",
  "total_runtime_seconds": 7.182743549346924,
  "sitemap_processing_time_seconds": 3.2613892555236816,
  "database_update_time_seconds": 2.3709986209869385,
  "total_urls_found": 1009,
  "new_urls": 0,
  "updated_urls": 0,
  "removed_urls": 0,
  "unchanged_urls": 1009,
  "errors": 0
}