{
  "timestamp": "2025-04-14T03:23:10.921961",
  "total_runtime_seconds": 175.75580048561096,
  "sitemap_processing_time_seconds": 4.625690221786499,
  "database_update_time_seconds": 171.12945222854614,
  "total_urls_found": 1021,
  "new_urls": 0,
  "updated_urls": 2,
  "removed_urls": 7,
  "unchanged_urls": 1019,
  "errors": 0
}