{
  "timestamp": "2025-10-01T03:25:28.953725",
  "total_runtime_seconds": 9.184010744094849,
  "sitemap_processing_time_seconds": 4.14808201789856,
  "database_update_time_seconds": 3.158133029937744,
  "total_urls_found": 1026,
  "new_urls": 0,
  "updated_urls": 1,
  "removed_urls": 0,
  "unchanged_urls": 1025,
  "errors": 0
}