{
  "timestamp": "2025-09-17T03:15:02.871143",
  "total_runtime_seconds": 11.535502910614014,
  "sitemap_processing_time_seconds": 7.74403715133667,
  "database_update_time_seconds": 2.3204245567321777,
  "total_urls_found": 1028,
  "new_urls": 0,
  "updated_urls": 3,
  "removed_urls": 0,
  "unchanged_urls": 1025,
  "errors": 0
}