{
  "timestamp": "2025-05-02T03:22:59.365473",
  "total_runtime_seconds": 129.0917010307312,
  "sitemap_processing_time_seconds": 7.597523212432861,
  "database_update_time_seconds": 121.49351572990417,
  "total_urls_found": 1019,
  "new_urls": 0,
  "updated_urls": 0,
  "removed_urls": 13,
  "unchanged_urls": 1019,
  "errors": 0
}