{
  "timestamp": "2025-04-16T03:20:43.995346",
  "total_runtime_seconds": 102.76236081123352,
  "sitemap_processing_time_seconds": 3.9355833530426025,
  "database_update_time_seconds": 98.8262448310852,
  "total_urls_found": 1021,
  "new_urls": 1,
  "updated_urls": 5,
  "removed_urls": 8,
  "unchanged_urls": 1015,
  "errors": 0
}