{
  "timestamp": "2025-04-09T03:19:38.889368",
  "total_runtime_seconds": 128.40578174591064,
  "sitemap_processing_time_seconds": 8.145535945892334,
  "database_update_time_seconds": 120.25971245765686,
  "total_urls_found": 1022,
  "new_urls": 1,
  "updated_urls": 6,
  "removed_urls": 5,
  "unchanged_urls": 1015,
  "errors": 0
}