{
  "timestamp": "2025-09-24T03:17:44.238991",
  "total_runtime_seconds": 7.585874080657959,
  "sitemap_processing_time_seconds": 4.292855978012085,
  "database_update_time_seconds": 1.9625158309936523,
  "total_urls_found": 1026,
  "new_urls": 0,
  "updated_urls": 2,
  "removed_urls": 0,
  "unchanged_urls": 1024,
  "errors": 0
}