{
  "timestamp": "2025-09-29T03:22:13.344976",
  "total_runtime_seconds": 9.838802814483643,
  "sitemap_processing_time_seconds": 4.679192781448364,
  "database_update_time_seconds": 3.254169225692749,
  "total_urls_found": 1026,
  "new_urls": 0,
  "updated_urls": 2,
  "removed_urls": 0,
  "unchanged_urls": 1024,
  "errors": 0
}