{
  "timestamp": "2025-04-11T03:19:08.598050",
  "total_runtime_seconds": 102.37171387672424,
  "sitemap_processing_time_seconds": 2.5687758922576904,
  "database_update_time_seconds": 99.80247712135315,
  "total_urls_found": 1023,
  "new_urls": 1,
  "updated_urls": 4,
  "removed_urls": 5,
  "unchanged_urls": 1018,
  "errors": 0
}