{
  "timestamp": "2025-04-26T03:18:21.493635",
  "total_runtime_seconds": 113.72863245010376,
  "sitemap_processing_time_seconds": 8.16526746749878,
  "database_update_time_seconds": 105.56268978118896,
  "total_urls_found": 1021,
  "new_urls": 0,
  "updated_urls": 1,
  "removed_urls": 11,
  "unchanged_urls": 1020,
  "errors": 0
}