{"_step":0,"_wandb":{"runtime":22},"hit@5":0.7450980392156863,"_timestamp":1.741731023375948e+09,"avg_retrieval_time":0.42891279388876524,"mrr":0.5370059134765017,"_runtime":22.393628879,"hit@1":0.37254901960784315,"hit@3":0.6862745098039216}