{
  "timestamp": "2025-05-31T03:23:56.246124",
  "total_runtime_seconds": 122.21649718284607,
  "sitemap_processing_time_seconds": 3.3433940410614014,
  "database_update_time_seconds": 118.87240600585938,
  "total_urls_found": 1018,
  "new_urls": 0,
  "updated_urls": 2,
  "removed_urls": 18,
  "unchanged_urls": 1016,
  "errors": 0
}