{
  "timestamp": "2025-08-30T03:16:23.993642",
  "total_runtime_seconds": 11.037790536880493,
  "sitemap_processing_time_seconds": 7.609348297119141,
  "database_update_time_seconds": 2.042463779449463,
  "total_urls_found": 1016,
  "new_urls": 0,
  "updated_urls": 2,
  "removed_urls": 0,
  "unchanged_urls": 1014,
  "errors": 0
}