{
  "timestamp": "2025-05-18T03:27:12.187617",
  "total_runtime_seconds": 108.97662830352783,
  "sitemap_processing_time_seconds": 7.079877138137817,
  "database_update_time_seconds": 101.8961935043335,
  "total_urls_found": 1019,
  "new_urls": 0,
  "updated_urls": 0,
  "removed_urls": 14,
  "unchanged_urls": 1019,
  "errors": 0
}