{
  "timestamp": "2025-04-10T03:20:57.837090",
  "total_runtime_seconds": 178.5214819908142,
  "sitemap_processing_time_seconds": 8.379799127578735,
  "database_update_time_seconds": 170.141126871109,
  "total_urls_found": 1022,
  "new_urls": 0,
  "updated_urls": 4,
  "removed_urls": 5,
  "unchanged_urls": 1018,
  "errors": 0
}