{
  "timestamp": "2025-10-05T03:21:28.429251",
  "total_runtime_seconds": 10.684961080551147,
  "sitemap_processing_time_seconds": 7.406877279281616,
  "database_update_time_seconds": 1.9915580749511719,
  "total_urls_found": 1027,
  "new_urls": 0,
  "updated_urls": 0,
  "removed_urls": 0,
  "unchanged_urls": 1027,
  "errors": 0
}