{
  "timestamp": "2025-05-01T03:28:55.865551",
  "total_runtime_seconds": 178.40583872795105,
  "sitemap_processing_time_seconds": 7.478417873382568,
  "database_update_time_seconds": 170.92687916755676,
  "total_urls_found": 1019,
  "new_urls": 0,
  "updated_urls": 4,
  "removed_urls": 13,
  "unchanged_urls": 1015,
  "errors": 0
}