{"_wandb":{"runtime":35},"_timestamp":1.7417357990222356e+09,"_step":0,"avg_retrieval_time":0.6912644423690497,"mrr":0.5954248366013072,"_runtime":35.754854408,"hit@5":0.7647058823529411,"hit@1":0.47058823529411764,"hit@3":0.7058823529411765}