{
  "timestamp": "2025-09-02T03:22:41.241118",
  "total_runtime_seconds": 15.14020824432373,
  "sitemap_processing_time_seconds": 7.822751522064209,
  "database_update_time_seconds": 3.3615212440490723,
  "total_urls_found": 1027,
  "new_urls": 18,
  "updated_urls": 5,
  "removed_urls": 6,
  "unchanged_urls": 1004,
  "errors": 0
}