{
  "timestamp": "2025-07-21T03:33:28.325254",
  "total_runtime_seconds": 7.543383598327637,
  "sitemap_processing_time_seconds": 4.11696195602417,
  "database_update_time_seconds": 2.0471341609954834,
  "total_urls_found": 1009,
  "new_urls": 0,
  "updated_urls": 0,
  "removed_urls": 0,
  "unchanged_urls": 1009,
  "errors": 0
}