{
  "timestamp": "2025-09-18T03:16:26.549438",
  "total_runtime_seconds": 11.065325498580933,
  "sitemap_processing_time_seconds": 7.687478542327881,
  "database_update_time_seconds": 2.0209197998046875,
  "total_urls_found": 1028,
  "new_urls": 0,
  "updated_urls": 6,
  "removed_urls": 0,
  "unchanged_urls": 1022,
  "errors": 0
}