{
  "timestamp": "2025-10-25T03:20:44.170376",
  "total_runtime_seconds": 6.798601150512695,
  "sitemap_processing_time_seconds": 2.9342966079711914,
  "database_update_time_seconds": 2.3961825370788574,
  "total_urls_found": 1032,
  "new_urls": 0,
  "updated_urls": 1,
  "removed_urls": 0,
  "unchanged_urls": 1031,
  "errors": 0
}