{
  "timestamp": "2025-09-20T03:15:19.715467",
  "total_runtime_seconds": 8.935330152511597,
  "sitemap_processing_time_seconds": 4.205332517623901,
  "database_update_time_seconds": 2.980134963989258,
  "total_urls_found": 1026,
  "new_urls": 0,
  "updated_urls": 0,
  "removed_urls": 0,
  "unchanged_urls": 1026,
  "errors": 0
}