{
  "timestamp": "2025-10-16T03:21:20.867529",
  "total_runtime_seconds": 11.495019912719727,
  "sitemap_processing_time_seconds": 7.256981372833252,
  "database_update_time_seconds": 2.0194671154022217,
  "total_urls_found": 1031,
  "new_urls": 0,
  "updated_urls": 2,
  "removed_urls": 1,
  "unchanged_urls": 1029,
  "errors": 0
}