{
  "timestamp": "2025-09-16T03:15:36.348897",
  "total_runtime_seconds": 6.9632484912872314,
  "sitemap_processing_time_seconds": 3.481210708618164,
  "database_update_time_seconds": 2.105390787124634,
  "total_urls_found": 1028,
  "new_urls": 1,
  "updated_urls": 2,
  "removed_urls": 0,
  "unchanged_urls": 1025,
  "errors": 0
}