{
  "timestamp": "2025-06-04T03:28:19.622030",
  "total_runtime_seconds": 166.692724943161,
  "sitemap_processing_time_seconds": 4.178186893463135,
  "database_update_time_seconds": 162.5139935016632,
  "total_urls_found": 1018,
  "new_urls": 0,
  "updated_urls": 0,
  "removed_urls": 18,
  "unchanged_urls": 1018,
  "errors": 0
}